N,n_parties,threads,construction,eval_ms_median,eval_ms_p25,eval_ms_p75,eval_ms_min,eval_ms_max,reps,key_bytes_party0,key_bytes_max,uplink_bytes_total,evals_per_sec,cpu,aes,p
1000,2,1,bgi16-tree,0.02649,0.02631,0.02655,0.02625,0.028254,11,198,198,396,3.77501e+07,AMD EPYC 7J13 64-Core Processor,x86-64 AES-NI,68724326401
1000,2,2,bgi16-tree,0.02617,0.02597,0.02623,0.025929,0.03137,11,198,198,396,3.82117e+07,AMD EPYC 7J13 64-Core Processor,x86-64 AES-NI,68724326401
1000,2,4,bgi16-tree,0.02624,0.026109,0.026371,0.02601,0.026391,11,198,198,396,3.81098e+07,AMD EPYC 7J13 64-Core Processor,x86-64 AES-NI,68724326401
1000,2,8,bgi16-tree,0.02612,0.025949,0.02614,0.025779,0.039475,11,198,198,396,3.82848e+07,AMD EPYC 7J13 64-Core Processor,x86-64 AES-NI,68724326401
1000,2,16,bgi16-tree,0.02618,0.026058,0.02626,0.025941,0.031379,11,198,198,396,3.81971e+07,AMD EPYC 7J13 64-Core Processor,x86-64 AES-NI,68724326401
1000,2,32,bgi16-tree,0.026261,0.02617,0.026339,0.026089,0.026421,11,198,198,396,3.80793e+07,AMD EPYC 7J13 64-Core Processor,x86-64 AES-NI,68724326401
1000,2,64,bgi16-tree,0.026049,0.02595,0.02612,0.025918,0.026381,11,198,198,396,3.83892e+07,AMD EPYC 7J13 64-Core Processor,x86-64 AES-NI,68724326401
1000,2,1,nparty-explicit,0.011702,0.011412,0.013756,0.011381,0.212363,11,32,8016,8048,8.54555e+07,AMD EPYC 7J13 64-Core Processor,x86-64 AES-NI,68724326401
1000,2,2,nparty-explicit,0.011381,0.011312,0.011461,0.011232,0.011773,11,32,8016,8048,8.78658e+07,AMD EPYC 7J13 64-Core Processor,x86-64 AES-NI,68724326401
1000,2,4,nparty-explicit,0.011331,0.011321,0.011361,0.011231,0.011622,11,32,8016,8048,8.82535e+07,AMD EPYC 7J13 64-Core Processor,x86-64 AES-NI,68724326401
1000,2,8,nparty-explicit,0.011281,0.011233,0.011341,0.01116,0.011763,11,32,8016,8048,8.86446e+07,AMD EPYC 7J13 64-Core Processor,x86-64 AES-NI,68724326401
1000,2,16,nparty-explicit,0.011372,0.011322,0.011401,0.011273,0.012042,11,32,8016,8048,8.79353e+07,AMD EPYC 7J13 64-Core Processor,x86-64 AES-NI,68724326401
1000,2,32,nparty-explicit,0.011371,0.011271,0.011542,0.011241,0.025409,11,32,8016,8048,8.7943e+07,AMD EPYC 7J13 64-Core Processor,x86-64 AES-NI,68724326401
1000,2,64,nparty-explicit,0.011323,0.011262,0.011401,0.011192,0.011702,11,32,8016,8048,8.83158e+07,AMD EPYC 7J13 64-Core Processor,x86-64 AES-NI,68724326401
1000,3,1,nparty-explicit,0.011323,0.011251,0.011373,0.011201,0.012052,11,32,8016,8080,8.83158e+07,AMD EPYC 7J13 64-Core Processor,x86-64 AES-NI,68724326401
1000,3,2,nparty-explicit,0.011382,0.011101,0.012032,0.011021,0.023465,11,32,8016,8080,8.7858e+07,AMD EPYC 7J13 64-Core Processor,x86-64 AES-NI,68724326401
1000,3,4,nparty-explicit,0.011201,0.011171,0.011242,0.011101,0.012123,11,32,8016,8080,8.92777e+07,AMD EPYC 7J13 64-Core Processor,x86-64 AES-NI,68724326401
1000,3,8,nparty-explicit,0.011181,0.011161,0.011561,0.011122,0.012134,11,32,8016,8080,8.94374e+07,AMD EPYC 7J13 64-Core Processor,x86-64 AES-NI,68724326401
1000,3,16,nparty-explicit,0.011232,0.011121,0.012023,0.011052,0.024898,11,32,8016,8080,8.90313e+07,AMD EPYC 7J13 64-Core Processor,x86-64 AES-NI,68724326401
1000,3,32,nparty-explicit,0.011212,0.011132,0.011311,0.011081,0.012795,11,32,8016,8080,8.91901e+07,AMD EPYC 7J13 64-Core Processor,x86-64 AES-NI,68724326401
1000,3,64,nparty-explicit,0.011221,0.011182,0.011301,0.01115,0.012904,11,32,8016,8080,8.91186e+07,AMD EPYC 7J13 64-Core Processor,x86-64 AES-NI,68724326401
1000,4,1,nparty-explicit,0.011311,0.011171,0.012734,0.011141,0.024797,11,32,8016,8112,8.84095e+07,AMD EPYC 7J13 64-Core Processor,x86-64 AES-NI,68724326401
1000,4,2,nparty-explicit,0.01119,0.011152,0.011301,0.011031,0.013225,11,32,8016,8112,8.93655e+07,AMD EPYC 7J13 64-Core Processor,x86-64 AES-NI,68724326401
1000,4,4,nparty-explicit,0.011212,0.011161,0.011281,0.01108,0.024195,11,32,8016,8112,8.91902e+07,AMD EPYC 7J13 64-Core Processor,x86-64 AES-NI,68724326401
1000,4,8,nparty-explicit,0.01129,0.011181,0.012183,0.011152,0.01582,11,32,8016,8112,8.8574e+07,AMD EPYC 7J13 64-Core Processor,x86-64 AES-NI,68724326401
1000,4,16,nparty-explicit,0.011211,0.011181,0.011272,0.011161,0.012545,11,32,8016,8112,8.91981e+07,AMD EPYC 7J13 64-Core Processor,x86-64 AES-NI,68724326401
1000,4,32,nparty-explicit,0.011221,0.011191,0.011262,0.011141,0.012343,11,32,8016,8112,8.91186e+07,AMD EPYC 7J13 64-Core Processor,x86-64 AES-NI,68724326401
1000,4,64,nparty-explicit,0.011281,0.011181,0.011902,0.011112,0.012244,11,32,8016,8112,8.86446e+07,AMD EPYC 7J13 64-Core Processor,x86-64 AES-NI,68724326401
10000,2,1,bgi16-tree,0.23171,0.224115,0.242711,0.222903,0.259212,11,266,266,532,4.31574e+07,AMD EPYC 7J13 64-Core Processor,x86-64 AES-NI,68724326401
10000,2,2,bgi16-tree,0.195471,0.180924,0.214708,0.180201,0.230326,11,266,266,532,5.11585e+07,AMD EPYC 7J13 64-Core Processor,x86-64 AES-NI,68724326401
10000,2,4,bgi16-tree,0.148574,0.141739,0.165723,0.141148,0.171476,11,266,266,532,6.73065e+07,AMD EPYC 7J13 64-Core Processor,x86-64 AES-NI,68724326401
10000,2,8,bgi16-tree,0.130678,0.125828,0.132621,0.124577,0.137531,11,266,266,532,7.6524e+07,AMD EPYC 7J13 64-Core Processor,x86-64 AES-NI,68724326401
10000,2,16,bgi16-tree,0.127983,0.124966,0.134155,0.123765,0.146909,11,266,266,532,7.81354e+07,AMD EPYC 7J13 64-Core Processor,x86-64 AES-NI,68724326401
10000,2,32,bgi16-tree,0.13705,0.124365,0.139826,0.12134,0.146598,11,266,266,532,7.29661e+07,AMD EPYC 7J13 64-Core Processor,x86-64 AES-NI,68724326401
10000,2,64,bgi16-tree,0.159912,0.15297,0.164202,0.141949,0.175513,11,266,266,532,6.25344e+07,AMD EPYC 7J13 64-Core Processor,x86-64 AES-NI,68724326401
10000,2,1,nparty-explicit,0.044334,0.043763,0.047139,0.043623,0.056037,11,32,80016,80048,2.25561e+08,AMD EPYC 7J13 64-Core Processor,x86-64 AES-NI,68724326401
10000,2,2,nparty-explicit,0.043533,0.043473,0.043613,0.043462,0.044475,11,32,80016,80048,2.29711e+08,AMD EPYC 7J13 64-Core Processor,x86-64 AES-NI,68724326401
10000,2,4,nparty-explicit,0.043443,0.043382,0.043934,0.043353,0.054805,11,32,80016,80048,2.30187e+08,AMD EPYC 7J13 64-Core Processor,x86-64 AES-NI,68724326401
10000,2,8,nparty-explicit,0.043473,0.043433,0.044223,0.043383,0.058933,11,32,80016,80048,2.30028e+08,AMD EPYC 7J13 64-Core Processor,x86-64 AES-NI,68724326401
10000,2,16,nparty-explicit,0.043412,0.043193,0.043442,0.043152,0.049283,11,32,80016,80048,2.30351e+08,AMD EPYC 7J13 64-Core Processor,x86-64 AES-NI,68724326401
10000,2,32,nparty-explicit,0.043301,0.043292,0.043782,0.043242,0.054784,11,32,80016,80048,2.30942e+08,AMD EPYC 7J13 64-Core Processor,x86-64 AES-NI,68724326401
10000,2,64,nparty-explicit,0.043272,0.043212,0.043794,0.043171,0.053953,11,32,80016,80048,2.31096e+08,AMD EPYC 7J13 64-Core Processor,x86-64 AES-NI,68724326401
10000,3,1,nparty-explicit,0.043252,0.043152,0.043492,0.043062,0.049995,11,32,80016,80080,2.31203e+08,AMD EPYC 7J13 64-Core Processor,x86-64 AES-NI,68724326401
10000,3,2,nparty-explicit,0.043252,0.043202,0.043503,0.043092,0.049974,11,32,80016,80080,2.31203e+08,AMD EPYC 7J13 64-Core Processor,x86-64 AES-NI,68724326401
10000,3,4,nparty-explicit,0.043282,0.043182,0.043332,0.043111,0.048812,11,32,80016,80080,2.31043e+08,AMD EPYC 7J13 64-Core Processor,x86-64 AES-NI,68724326401
10000,3,8,nparty-explicit,0.040487,0.040377,0.04178,0.040216,0.062288,11,32,80016,80080,2.46993e+08,AMD EPYC 7J13 64-Core Processor,x86-64 AES-NI,68724326401
10000,3,16,nparty-explicit,0.040488,0.040286,0.040797,0.040206,0.047962,11,32,80016,80080,2.46987e+08,AMD EPYC 7J13 64-Core Processor,x86-64 AES-NI,68724326401
10000,3,32,nparty-explicit,0.040447,0.040347,0.040998,0.040116,0.058271,11,32,80016,80080,2.47237e+08,AMD EPYC 7J13 64-Core Processor,x86-64 AES-NI,68724326401
10000,3,64,nparty-explicit,0.040697,0.040506,0.041769,0.040266,0.050948,11,32,80016,80080,2.45718e+08,AMD EPYC 7J13 64-Core Processor,x86-64 AES-NI,68724326401
10000,4,1,nparty-explicit,0.040565,0.040207,0.040817,0.040026,0.048312,11,32,80016,80112,2.46518e+08,AMD EPYC 7J13 64-Core Processor,x86-64 AES-NI,68724326401
10000,4,2,nparty-explicit,0.040548,0.040266,0.040787,0.040206,0.055114,11,32,80016,80112,2.46621e+08,AMD EPYC 7J13 64-Core Processor,x86-64 AES-NI,68724326401
10000,4,4,nparty-explicit,0.040596,0.040346,0.041599,0.039745,0.049223,11,32,80016,80112,2.4633e+08,AMD EPYC 7J13 64-Core Processor,x86-64 AES-NI,68724326401
10000,4,8,nparty-explicit,0.040517,0.040385,0.040948,0.039785,0.050155,11,32,80016,80112,2.4681e+08,AMD EPYC 7J13 64-Core Processor,x86-64 AES-NI,68724326401
10000,4,16,nparty-explicit,0.040537,0.040437,0.040697,0.040136,0.049904,11,32,80016,80112,2.46688e+08,AMD EPYC 7J13 64-Core Processor,x86-64 AES-NI,68724326401
10000,4,32,nparty-explicit,0.040578,0.040387,0.041459,0.039766,0.046057,11,32,80016,80112,2.46439e+08,AMD EPYC 7J13 64-Core Processor,x86-64 AES-NI,68724326401
10000,4,64,nparty-explicit,0.040557,0.040396,0.04176,0.040276,0.050235,11,32,80016,80112,2.46567e+08,AMD EPYC 7J13 64-Core Processor,x86-64 AES-NI,68724326401
11580,2,1,bgi16-tree,0.275473,0.268148,0.293347,0.260835,0.299028,11,266,266,532,4.20368e+07,AMD EPYC 7J13 64-Core Processor,x86-64 AES-NI,68724326401
11580,2,2,bgi16-tree,0.247781,0.228072,0.260835,0.208416,0.267609,11,266,266,532,4.67348e+07,AMD EPYC 7J13 64-Core Processor,x86-64 AES-NI,68724326401
11580,2,4,bgi16-tree,0.165094,0.162117,0.170593,0.162007,0.180071,11,266,266,532,7.01419e+07,AMD EPYC 7J13 64-Core Processor,x86-64 AES-NI,68724326401
11580,2,8,bgi16-tree,0.144455,0.14282,0.153841,0.140787,0.162219,11,266,266,532,8.01634e+07,AMD EPYC 7J13 64-Core Processor,x86-64 AES-NI,68724326401
11580,2,16,bgi16-tree,0.140457,0.138263,0.144534,0.137471,0.151788,11,266,266,532,8.24452e+07,AMD EPYC 7J13 64-Core Processor,x86-64 AES-NI,68724326401
11580,2,32,bgi16-tree,0.146548,0.136379,0.149304,0.134976,0.170274,11,266,266,532,7.90185e+07,AMD EPYC 7J13 64-Core Processor,x86-64 AES-NI,68724326401
11580,2,64,bgi16-tree,0.172487,0.163371,0.183749,0.157087,0.208807,11,266,266,532,6.71355e+07,AMD EPYC 7J13 64-Core Processor,x86-64 AES-NI,68724326401
11580,2,1,nparty-explicit,0.048853,0.048672,0.049504,0.048652,0.054252,11,32,92656,92688,2.37038e+08,AMD EPYC 7J13 64-Core Processor,x86-64 AES-NI,68724326401
11580,2,2,nparty-explicit,0.048604,0.048572,0.048652,0.048543,0.050486,11,32,92656,92688,2.38252e+08,AMD EPYC 7J13 64-Core Processor,x86-64 AES-NI,68724326401
11580,2,4,nparty-explicit,0.048674,0.048612,0.049103,0.048482,0.062337,11,32,92656,92688,2.37909e+08,AMD EPYC 7J13 64-Core Processor,x86-64 AES-NI,68724326401
11580,2,8,nparty-explicit,0.048702,0.048612,0.048993,0.048591,0.059153,11,32,92656,92688,2.37773e+08,AMD EPYC 7J13 64-Core Processor,x86-64 AES-NI,68724326401
11580,2,16,nparty-explicit,0.048843,0.048823,0.048944,0.048803,0.055635,11,32,92656,92688,2.37086e+08,AMD EPYC 7J13 64-Core Processor,x86-64 AES-NI,68724326401
11580,2,32,nparty-explicit,0.048874,0.048803,0.049093,0.048783,0.059914,11,32,92656,92688,2.36936e+08,AMD EPYC 7J13 64-Core Processor,x86-64 AES-NI,68724326401
11580,2,64,nparty-explicit,0.048873,0.048793,0.049254,0.048763,0.059412,11,32,92656,92688,2.36941e+08,AMD EPYC 7J13 64-Core Processor,x86-64 AES-NI,68724326401
11580,3,1,nparty-explicit,0.048883,0.048843,0.048973,0.048783,0.059744,11,32,92656,92720,2.36892e+08,AMD EPYC 7J13 64-Core Processor,x86-64 AES-NI,68724326401
11580,3,2,nparty-explicit,0.048903,0.048842,0.049162,0.048793,0.059744,11,32,92656,92720,2.36795e+08,AMD EPYC 7J13 64-Core Processor,x86-64 AES-NI,68724326401
11580,3,4,nparty-explicit,0.048943,0.048802,0.049043,0.048752,0.054242,11,32,92656,92720,2.36602e+08,AMD EPYC 7J13 64-Core Processor,x86-64 AES-NI,68724326401
11580,3,8,nparty-explicit,0.045406,0.044915,0.046728,0.044776,0.051187,11,32,92656,92720,2.55032e+08,AMD EPYC 7J13 64-Core Processor,x86-64 AES-NI,68724326401
11580,3,16,nparty-explicit,0.046047,0.045557,0.046448,0.044805,0.059795,11,32,92656,92720,2.51482e+08,AMD EPYC 7J13 64-Core Processor,x86-64 AES-NI,68724326401
11580,3,32,nparty-explicit,0.045566,0.045417,0.046788,0.045276,0.060164,11,32,92656,92720,2.54137e+08,AMD EPYC 7J13 64-Core Processor,x86-64 AES-NI,68724326401
11580,3,64,nparty-explicit,0.045496,0.045376,0.0467,0.044755,0.056147,11,32,92656,92720,2.54528e+08,AMD EPYC 7J13 64-Core Processor,x86-64 AES-NI,68724326401
11580,4,1,nparty-explicit,0.045557,0.045446,0.046859,0.045356,0.056558,11,32,92656,92752,2.54187e+08,AMD EPYC 7J13 64-Core Processor,x86-64 AES-NI,68724326401
11580,4,2,nparty-explicit,0.045477,0.045066,0.045707,0.044825,0.056377,11,32,92656,92752,2.54634e+08,AMD EPYC 7J13 64-Core Processor,x86-64 AES-NI,68724326401
11580,4,4,nparty-explicit,0.045557,0.045426,0.046648,0.044824,0.058251,11,32,92656,92752,2.54187e+08,AMD EPYC 7J13 64-Core Processor,x86-64 AES-NI,68724326401
11580,4,8,nparty-explicit,0.045547,0.045407,0.046879,0.044805,0.056537,11,32,92656,92752,2.54243e+08,AMD EPYC 7J13 64-Core Processor,x86-64 AES-NI,68724326401
11580,4,16,nparty-explicit,0.045667,0.045377,0.0473,0.044805,0.055495,11,32,92656,92752,2.53575e+08,AMD EPYC 7J13 64-Core Processor,x86-64 AES-NI,68724326401
11580,4,32,nparty-explicit,0.045546,0.045355,0.045997,0.044795,0.050295,11,32,92656,92752,2.54248e+08,AMD EPYC 7J13 64-Core Processor,x86-64 AES-NI,68724326401
11580,4,64,nparty-explicit,0.046358,0.045435,0.047681,0.044755,0.060945,11,32,92656,92752,2.49795e+08,AMD EPYC 7J13 64-Core Processor,x86-64 AES-NI,68724326401
100000,2,1,bgi16-tree,4.03115,4.02651,4.03624,4.01827,4.03914,11,317,317,634,2.48068e+07,AMD EPYC 7J13 64-Core Processor,x86-64 AES-NI,68724326401
100000,2,2,bgi16-tree,3.09957,3.0948,3.10397,3.08246,3.10729,11,317,317,634,3.22625e+07,AMD EPYC 7J13 64-Core Processor,x86-64 AES-NI,68724326401
100000,2,4,bgi16-tree,2.4419,2.43616,2.45437,2.41778,2.46493,11,317,317,634,4.09518e+07,AMD EPYC 7J13 64-Core Processor,x86-64 AES-NI,68724326401
100000,2,8,bgi16-tree,2.03749,2.02663,2.04669,2.02468,2.04841,11,317,317,634,4.90801e+07,AMD EPYC 7J13 64-Core Processor,x86-64 AES-NI,68724326401
100000,2,16,bgi16-tree,1.85108,1.84092,1.8577,1.83143,1.871,11,317,317,634,5.40224e+07,AMD EPYC 7J13 64-Core Processor,x86-64 AES-NI,68724326401
100000,2,32,bgi16-tree,1.87077,1.86247,1.87823,1.85636,1.89376,11,317,317,634,5.34539e+07,AMD EPYC 7J13 64-Core Processor,x86-64 AES-NI,68724326401
100000,2,64,bgi16-tree,2.36906,2.35746,2.37616,2.35427,2.41832,11,317,317,634,4.22109e+07,AMD EPYC 7J13 64-Core Processor,x86-64 AES-NI,68724326401
100000,2,1,nparty-explicit,0.352549,0.345997,0.361155,0.345817,0.44802,11,32,800016,800048,2.83649e+08,AMD EPYC 7J13 64-Core Processor,x86-64 AES-NI,68724326401
100000,2,2,nparty-explicit,0.240988,0.224095,0.247841,0.218365,0.251667,11,32,800016,800048,4.14958e+08,AMD EPYC 7J13 64-Core Processor,x86-64 AES-NI,68724326401
100000,2,4,nparty-explicit,0.224155,0.218194,0.230117,0.217833,0.231589,11,32,800016,800048,4.4612e+08,AMD EPYC 7J13 64-Core Processor,x86-64 AES-NI,68724326401
100000,2,8,nparty-explicit,0.218664,0.218354,0.231139,0.217874,0.236649,11,32,800016,800048,4.57323e+08,AMD EPYC 7J13 64-Core Processor,x86-64 AES-NI,68724326401
100000,2,16,nparty-explicit,0.218333,0.217724,0.229937,0.217393,0.23119,11,32,800016,800048,4.58016e+08,AMD EPYC 7J13 64-Core Processor,x86-64 AES-NI,68724326401
100000,2,32,nparty-explicit,0.218546,0.218395,0.223454,0.217323,0.231118,11,32,800016,800048,4.5757e+08,AMD EPYC 7J13 64-Core Processor,x86-64 AES-NI,68724326401
100000,2,64,nparty-explicit,0.218594,0.218054,0.223664,0.217433,0.231951,11,32,800016,800048,4.57469e+08,AMD EPYC 7J13 64-Core Processor,x86-64 AES-NI,68724326401
100000,3,1,nparty-explicit,0.338212,0.33198,0.342581,0.33183,0.349814,11,32,800016,800080,2.95673e+08,AMD EPYC 7J13 64-Core Processor,x86-64 AES-NI,68724326401
100000,3,2,nparty-explicit,0.218535,0.218195,0.228593,0.217533,0.232791,11,32,800016,800080,4.57593e+08,AMD EPYC 7J13 64-Core Processor,x86-64 AES-NI,68724326401
100000,3,4,nparty-explicit,0.222342,0.217622,0.227932,0.217202,0.229135,11,32,800016,800080,4.49758e+08,AMD EPYC 7J13 64-Core Processor,x86-64 AES-NI,68724326401
100000,3,8,nparty-explicit,0.218435,0.217652,0.224707,0.217152,0.22704,11,32,800016,800080,4.57802e+08,AMD EPYC 7J13 64-Core Processor,x86-64 AES-NI,68724326401
100000,3,16,nparty-explicit,0.218816,0.217944,0.224265,0.217512,0.228063,11,32,800016,800080,4.57005e+08,AMD EPYC 7J13 64-Core Processor,x86-64 AES-NI,68724326401
100000,3,32,nparty-explicit,0.218904,0.218025,0.226771,0.217733,0.228754,11,32,800016,800080,4.56821e+08,AMD EPYC 7J13 64-Core Processor,x86-64 AES-NI,68724326401
100000,3,64,nparty-explicit,0.218495,0.218154,0.226731,0.217693,0.229406,11,32,800016,800080,4.57676e+08,AMD EPYC 7J13 64-Core Processor,x86-64 AES-NI,68724326401
100000,4,1,nparty-explicit,0.33736,0.331509,0.342209,0.331089,0.346067,11,32,800016,800112,2.96419e+08,AMD EPYC 7J13 64-Core Processor,x86-64 AES-NI,68724326401
100000,4,2,nparty-explicit,0.219075,0.217924,0.226129,0.217813,0.226931,11,32,800016,800112,4.56465e+08,AMD EPYC 7J13 64-Core Processor,x86-64 AES-NI,68724326401
100000,4,4,nparty-explicit,0.218716,0.217914,0.2273,0.217583,0.228884,11,32,800016,800112,4.57214e+08,AMD EPYC 7J13 64-Core Processor,x86-64 AES-NI,68724326401
100000,4,8,nparty-explicit,0.222903,0.218094,0.225548,0.217673,0.227722,11,32,800016,800112,4.48626e+08,AMD EPYC 7J13 64-Core Processor,x86-64 AES-NI,68724326401
100000,4,16,nparty-explicit,0.219497,0.217993,0.227392,0.217382,0.229086,11,32,800016,800112,4.55587e+08,AMD EPYC 7J13 64-Core Processor,x86-64 AES-NI,68724326401
100000,4,32,nparty-explicit,0.223273,0.218044,0.227132,0.217453,0.228323,11,32,800016,800112,4.47882e+08,AMD EPYC 7J13 64-Core Processor,x86-64 AES-NI,68724326401
100000,4,64,nparty-explicit,0.218926,0.218074,0.22646,0.218013,0.228023,11,32,800016,800112,4.56775e+08,AMD EPYC 7J13 64-Core Processor,x86-64 AES-NI,68724326401
1000000,2,1,bgi16-tree,41.8926,41.7577,41.9224,41.7455,41.9917,11,368,368,736,2.38705e+07,AMD EPYC 7J13 64-Core Processor,x86-64 AES-NI,68724326401
1000000,2,2,bgi16-tree,31.8644,31.8449,31.9163,31.7748,31.9637,11,368,368,736,3.1383e+07,AMD EPYC 7J13 64-Core Processor,x86-64 AES-NI,68724326401
1000000,2,4,bgi16-tree,25.367,25.3134,25.4048,25.2158,25.4074,11,368,368,736,3.94214e+07,AMD EPYC 7J13 64-Core Processor,x86-64 AES-NI,68724326401
1000000,2,8,bgi16-tree,21.4543,21.4195,21.4848,21.4068,21.5033,11,368,368,736,4.66106e+07,AMD EPYC 7J13 64-Core Processor,x86-64 AES-NI,68724326401
1000000,2,16,bgi16-tree,19.48,19.4437,19.5068,19.4035,19.5285,11,368,368,736,5.13348e+07,AMD EPYC 7J13 64-Core Processor,x86-64 AES-NI,68724326401
1000000,2,32,bgi16-tree,23.7433,23.4678,23.981,23.3936,24.5019,11,368,368,736,4.21171e+07,AMD EPYC 7J13 64-Core Processor,x86-64 AES-NI,68724326401
1000000,2,64,bgi16-tree,23.9249,23.7325,25.0627,23.6648,55.9738,11,368,368,736,4.17975e+07,AMD EPYC 7J13 64-Core Processor,x86-64 AES-NI,68724326401
1000000,2,1,nparty-explicit,3.36184,3.35905,3.36626,3.3534,3.37788,11,32,8000016,8000048,2.97456e+08,AMD EPYC 7J13 64-Core Processor,x86-64 AES-NI,68724326401
1000000,2,2,nparty-explicit,1.69714,1.69343,1.70331,1.68571,1.70774,11,32,8000016,8000048,5.89226e+08,AMD EPYC 7J13 64-Core Processor,x86-64 AES-NI,68724326401
1000000,2,4,nparty-explicit,0.84819,0.846346,0.848851,0.838762,0.852759,11,32,8000016,8000048,1.17898e+09,AMD EPYC 7J13 64-Core Processor,x86-64 AES-NI,68724326401
1000000,2,8,nparty-explicit,0.446457,0.442009,0.447991,0.436358,0.453651,11,32,8000016,8000048,2.23986e+09,AMD EPYC 7J13 64-Core Processor,x86-64 AES-NI,68724326401
1000000,2,16,nparty-explicit,0.258791,0.246548,0.308785,0.24204,0.327422,11,32,8000016,8000048,3.86412e+09,AMD EPYC 7J13 64-Core Processor,x86-64 AES-NI,68724326401
1000000,2,32,nparty-explicit,0.25356,0.246027,0.256427,0.245095,0.261787,11,32,8000016,8000048,3.94384e+09,AMD EPYC 7J13 64-Core Processor,x86-64 AES-NI,68724326401
1000000,2,64,nparty-explicit,0.247941,0.245745,0.253521,0.245375,0.257279,11,32,8000016,8000048,4.03322e+09,AMD EPYC 7J13 64-Core Processor,x86-64 AES-NI,68724326401
1000000,3,1,nparty-explicit,3.36942,3.36088,3.37246,3.35682,3.39644,11,32,8000016,8000080,2.96787e+08,AMD EPYC 7J13 64-Core Processor,x86-64 AES-NI,68724326401
1000000,3,2,nparty-explicit,1.69018,1.68685,1.69573,1.68421,1.69803,11,32,8000016,8000080,5.91654e+08,AMD EPYC 7J13 64-Core Processor,x86-64 AES-NI,68724326401
1000000,3,4,nparty-explicit,0.846857,0.845495,0.848631,0.836627,0.855533,11,32,8000016,8000080,1.18084e+09,AMD EPYC 7J13 64-Core Processor,x86-64 AES-NI,68724326401
1000000,3,8,nparty-explicit,0.444774,0.436458,0.447961,0.435646,0.458501,11,32,8000016,8000080,2.24833e+09,AMD EPYC 7J13 64-Core Processor,x86-64 AES-NI,68724326401
1000000,3,16,nparty-explicit,0.255715,0.244705,0.269322,0.238812,0.313886,11,32,8000016,8000080,3.9106e+09,AMD EPYC 7J13 64-Core Processor,x86-64 AES-NI,68724326401
1000000,3,32,nparty-explicit,0.247419,0.245797,0.254283,0.245255,0.256526,11,32,8000016,8000080,4.04173e+09,AMD EPYC 7J13 64-Core Processor,x86-64 AES-NI,68724326401
1000000,3,64,nparty-explicit,0.246578,0.245946,0.256065,0.245245,0.261517,11,32,8000016,8000080,4.05551e+09,AMD EPYC 7J13 64-Core Processor,x86-64 AES-NI,68724326401
1000000,4,1,nparty-explicit,3.36014,3.35559,3.3615,3.35295,3.36512,11,32,8000016,8000112,2.97607e+08,AMD EPYC 7J13 64-Core Processor,x86-64 AES-NI,68724326401
1000000,4,2,nparty-explicit,1.68901,1.68626,1.69245,1.68296,1.69454,11,32,8000016,8000112,5.92064e+08,AMD EPYC 7J13 64-Core Processor,x86-64 AES-NI,68724326401
1000000,4,4,nparty-explicit,0.846928,0.840175,0.84863,0.836878,0.855714,11,32,8000016,8000112,1.18074e+09,AMD EPYC 7J13 64-Core Processor,x86-64 AES-NI,68724326401
1000000,4,8,nparty-explicit,0.445114,0.441769,0.44792,0.436188,0.451176,11,32,8000016,8000112,2.24662e+09,AMD EPYC 7J13 64-Core Processor,x86-64 AES-NI,68724326401
1000000,4,16,nparty-explicit,0.259242,0.245144,0.27392,0.239476,0.287094,11,32,8000016,8000112,3.8574e+09,AMD EPYC 7J13 64-Core Processor,x86-64 AES-NI,68724326401
1000000,4,32,nparty-explicit,0.251628,0.245596,0.256165,0.244895,0.256447,11,32,8000016,8000112,3.97412e+09,AMD EPYC 7J13 64-Core Processor,x86-64 AES-NI,68724326401
1000000,4,64,nparty-explicit,0.251908,0.245877,0.255454,0.245204,0.255737,11,32,8000016,8000112,3.9697e+09,AMD EPYC 7J13 64-Core Processor,x86-64 AES-NI,68724326401
